[
  {"names": ["NHS Bath and North East Somerset, Swindon and Wiltshire ICB", "BSW ICB", "Bath Swindon Wiltshire ICB", "NHS BSW ICB"], "url": "https://www.bsw.icb.nhs.uk/about-us/board-meetings-and-papers/"},
  {"names": ["NHS Bedfordshire, Luton and Milton Keynes ICB", "BLMK ICB", "Bedfordshire Luton Milton Keynes ICB"], "url": "https://www.blmkicb.nhs.uk/about-us/board-meetings-and-papers/"},
  {"names": ["NHS Birmingham and Solihull ICB", "Birmingham Solihull ICB", "NHS Birmingham Solihull ICB"], "url": "https://www.birminghamsolihull.icb.nhs.uk/about-us/board-meetings-and-papers/"},
  {"names": ["NHS Black Country ICB", "Black Country ICB", "Black Country Integrated Care Board"], "url": "https://www.blackcountry.icb.nhs.uk/about-us/board-meetings-and-papers/"},
  {"names": ["NHS Bristol, North Somerset and South Gloucestershire ICB", "BNSSG ICB", "Bristol North Somerset South Gloucestershire ICB"], "url": "https://bnssg.icb.nhs.uk/about-us/board-meetings-and-papers/"},
  {"names": ["NHS Buckinghamshire, Oxfordshire and Berkshire West ICB", "BOB ICB", "Buckinghamshire Oxfordshire Berkshire West ICB"], "url": "https://www.bucksoxonberksw.icb.nhs.uk/about-us/board-meetings-and-papers/"},
  {"names": ["NHS Cambridgeshire and Peterborough ICB", "Cambridgeshire Peterborough ICB", "Cambs and Peterborough ICB"], "url": "https://www.cambridgeshireandpeterborough.icb.nhs.uk/about-us/board-meetings-and-papers/"},
  {"names": ["NHS Cheshire and Merseyside ICB", "Cheshire Merseyside ICB", "Cheshire and Merseyside Integrated Care Board"], "url": "https://www.cheshireandmerseyside.icb.nhs.uk/about-us/board-meetings-and-papers/"},
  {"names": ["NHS Cornwall and the Isles of Scilly ICB", "Cornwall ICB", "Cornwall and Isles of Scilly ICB"], "url": "https://www.cornwall.icb.nhs.uk/about-us/board-meetings-and-papers/"},
  {"names": ["NHS Coventry and Warwickshire ICB", "Coventry Warwickshire ICB"], "url": "https://www.coventryandwarwickshire.icb.nhs.uk/about-us/board-meetings-and-papers/"},
  {"names": ["NHS Derby and Derbyshire ICB", "Derby Derbyshire ICB", "Derbyshire ICB"], "url": "https://www.derbyandderbyshire.icb.nhs.uk/about-us/board-meetings-and-papers/"},
  {"names": ["NHS Devon ICB", "Devon ICB", "Devon Integrated Care Board"], "url": "https://www.devon.icb.nhs.uk/about-us/board-meetings-and-papers/"},
  {"names": ["NHS Dorset ICB", "Dorset ICB", "Dorset Integrated Care Board"], "url": "https://www.dorset.icb.nhs.uk/about-us/board-meetings-and-papers/"},
  {"names": ["NHS Frimley ICB", "Frimley ICB", "Frimley Integrated Care Board"], "url": "https://www.frimley.icb.nhs.uk/about-us/board-meetings-and-papers/"},
  {"names": ["NHS Gloucestershire ICB", "Gloucestershire ICB", "Gloucestershire Integrated Care Board"], "url": "https://www.gloucestershire.icb.nhs.uk/about-us/board-meetings-and-papers/"},
  {"names": ["NHS Greater Manchester ICB", "Greater Manchester ICB", "GM ICB", "Greater Manchester Integrated Care Board"], "url": "https://www.gmintegratedcare.org.uk/about-us/board-meetings-and-papers/"},
  {"names": ["NHS Hampshire and Isle of Wight ICB", "Hampshire IOW ICB", "Hampshire and Isle of Wight ICB", "HIOW ICB"], "url": "https://www.hampshireandiow.icb.nhs.uk/about-us/board-meetings-and-papers/"},
  {"names": ["NHS Herefordshire and Worcestershire ICB", "Herefordshire Worcestershire ICB", "HW ICB"], "url": "https://www.hwicb.nhs.uk/about-us/board-meetings-and-papers/"},
  {"names": ["NHS Hertfordshire and West Essex ICB", "Hertfordshire West Essex ICB", "HWE ICB"], "url": "https://www.hwe.icb.nhs.uk/about-us/board-meetings-and-papers/"},
  {"names": ["NHS Humber and North Yorkshire ICB", "Humber North Yorkshire ICB", "HNY ICB"], "url": "https://www.humberandnorthyorkshire.icb.nhs.uk/about-us/board-meetings-and-papers/"},
  {"names": ["NHS Kent and Medway ICB", "Kent Medway ICB", "Kent and Medway Integrated Care Board"], "url": "https://www.kentandmedway.icb.nhs.uk/about-us/board-meetings-and-papers/"},
  {"names": ["NHS Lancashire and South Cumbria ICB", "Lancashire South Cumbria ICB", "LSC ICB"], "url": "https://www.lancashireandsouthcumbria.icb.nhs.uk/about-us/board-meetings-and-papers/"},
  {"names": ["NHS Leicester, Leicestershire and Rutland ICB", "LLR ICB", "Leicester Leicestershire Rutland ICB"], "url": "https://www.llr.icb.nhs.uk/about-us/board-meetings-and-papers/"},
  {"names": ["NHS Lincolnshire ICB", "Lincolnshire ICB", "Lincolnshire Integrated Care Board"], "url": "https://www.lincolnshire.icb.nhs.uk/about-us/board-meetings-and-papers/"},
  {"names": ["NHS Mid and South Essex ICB", "Mid South Essex ICB", "MSE ICB"], "url": "https://www.midandsouthessex.icb.nhs.uk/about-us/board-meetings-and-papers/"},
  {"names": ["NHS Norfolk and Waveney ICB", "Norfolk Waveney ICB", "Norfolk and Waveney Integrated Care Board"], "url": "https://www.norfolkandwaveney.icb.nhs.uk/about-us/board-meetings-and-papers/"},
  {"names": ["NHS North Central London ICB", "North Central London ICB", "NCL ICB"], "url": "https://www.northcentrallondon.icb.nhs.uk/about-us/board-meetings-and-papers/"},
  {"names": ["NHS North East and North Cumbria ICB", "North East North Cumbria ICB", "NENC ICB"], "url": "https://www.nenc-icb.nhs.uk/about-us/board-meetings-and-papers/"},
  {"names": ["NHS North East London ICB", "North East London ICB", "NEL ICB"], "url": "https://www.northeastlondon.icb.nhs.uk/about-us/board-meetings-and-papers/"},
  {"names": ["NHS North West London ICB", "North West London ICB", "NWL ICB"], "url": "https://www.northwestlondon.icb.nhs.uk/about-us/board-meetings-and-papers/"},
  {"names": ["NHS Northamptonshire ICB", "Northamptonshire ICB", "Northants ICB"], "url": "https://www.northamptonshire.icb.nhs.uk/about-us/board-meetings-and-papers/"},
  {"names": ["NHS Nottingham and Nottinghamshire ICB", "Nottingham Nottinghamshire ICB", "Notts ICB"], "url": "https://www.notts.icb.nhs.uk/about-us/board-meetings-and-papers/"},
  {"names": ["NHS Shropshire, Telford and Wrekin ICB", "Shropshire Telford Wrekin ICB", "STW ICB"], "url": "https://www.shropshiretelfordandwrekin.icb.nhs.uk/about-us/board-meetings-and-papers/"},
  {"names": ["NHS Somerset ICB", "Somerset ICB", "Somerset Integrated Care Board"], "url": "https://www.somerset.icb.nhs.uk/about-us/board-meetings-and-papers/"},
  {"names": ["NHS South East London ICB", "South East London ICB", "SEL ICB"], "url": "https://www.southeastlondon.icb.nhs.uk/about-us/board-meetings-and-papers/"},
  {"names": ["NHS South West London ICB", "South West London ICB", "SWL ICB"], "url": "https://www.swlondon.icb.nhs.uk/about-us/board-meetings-and-papers/"},
  {"names": ["NHS South Yorkshire ICB", "South Yorkshire ICB", "SY ICB"], "url": "https://www.southyorkshire.icb.nhs.uk/about-us/board-meetings-and-papers/"},
  {"names": ["NHS Staffordshire and Stoke-on-Trent ICB", "Staffordshire Stoke ICB", "Staffs Stoke ICB"], "url": "https://www.staffordshireandstoke.icb.nhs.uk/about-us/board-meetings-and-papers/"},
  {"names": ["NHS Suffolk and North East Essex ICB", "Suffolk North East Essex ICB", "SNEE ICB"], "url": "https://www.suffolkandnortheastessex.icb.nhs.uk/about-us/board-meetings-and-papers/"},
  {"names": ["NHS Surrey Heartlands ICB", "Surrey Heartlands ICB", "Surrey ICB"], "url": "https://www.surreyheartlands.icb.nhs.uk/about-us/board-meetings-and-papers/"},
  {"names": ["NHS Sussex ICB", "Sussex ICB", "Sussex Integrated Care Board"], "url": "https://www.sussex.icb.nhs.uk/about-us/board-meetings-and-papers/"},
  {"names": ["NHS West Yorkshire ICB", "West Yorkshire ICB", "WY ICB"], "url": "https://www.westyorkshire.icb.nhs.uk/about-us/board-meetings-and-papers/"},

  {"names": ["London Ambulance Service NHS Trust", "London Ambulance Service", "LAS"], "url": "https://www.londonambulance.nhs.uk/about-us/board-papers/"},
  {"names": ["South East Coast Ambulance Service NHS Foundation Trust", "SECAmb", "South East Coast Ambulance Service"], "url": "https://www.secamb.nhs.uk/about-us/board-papers/"},
  {"names": ["South Central Ambulance Service NHS Foundation Trust", "SCAS", "South Central Ambulance Service"], "url": "https://www.scas.nhs.uk/about-us/our-people/board/board-papers/"},
  {"names": ["South Western Ambulance Service NHS Foundation Trust", "SWASFT", "South Western Ambulance Service"], "url": "https://www.swast.nhs.uk/about-us/board-papers/"},
  {"names": ["West Midlands Ambulance Service University NHS Foundation Trust", "WMAS", "West Midlands Ambulance Service"], "url": "https://www.wmas.nhs.uk/about-us/board-papers/"},
  {"names": ["East Midlands Ambulance Service NHS Trust", "EMAS", "East Midlands Ambulance Service"], "url": "https://www.emas.nhs.uk/about-us/board-papers/"},
  {"names": ["East of England Ambulance Service NHS Trust", "EEAST", "East of England Ambulance Service"], "url": "https://www.eastamb.nhs.uk/about-us/board-papers/"},
  {"names": ["Yorkshire Ambulance Service NHS Trust", "YAS", "Yorkshire Ambulance Service"], "url": "https://www.yas.nhs.uk/about-us/board-papers/"},
  {"names": ["North East Ambulance Service NHS Foundation Trust", "NEAS", "North East Ambulance Service"], "url": "https://www.neas.nhs.uk/about-us/board-papers/"},
  {"names": ["North West Ambulance Service NHS Trust", "NWAS", "North West Ambulance Service"], "url": "https://www.nwas.nhs.uk/about-us/board-papers/"},

  {"names": ["Guy's and St Thomas' NHS Foundation Trust", "Guys and St Thomas", "GSTT", "Guy's and St Thomas's"], "url": "https://www.guysandstthomas.nhs.uk/about-us/board-papers/"},
  {"names": ["King's College Hospital NHS Foundation Trust", "Kings College Hospital", "KCH"], "url": "https://www.kch.nhs.uk/about-us/board-papers/"},
  {"names": ["University College London Hospitals NHS Foundation Trust", "UCLH", "University College London Hospitals"], "url": "https://www.uclh.nhs.uk/about-us/board-papers/"},
  {"names": ["Imperial College Healthcare NHS Trust", "Imperial College Healthcare", "Imperial Healthcare"], "url": "https://www.imperial.nhs.uk/about-us/board-papers/"},
  {"names": ["Barts Health NHS Trust", "Barts Health", "Barts"], "url": "https://www.bartshealth.nhs.uk/about-us/board-papers/"},
  {"names": ["Royal Free London NHS Foundation Trust", "Royal Free London", "Royal Free", "RFL"], "url": "https://www.royalfree.nhs.uk/about-us/board-papers/"},
  {"names": ["St George's University Hospitals NHS Foundation Trust", "St Georges University Hospitals", "St George's"], "url": "https://www.stgeorges.nhs.uk/about-us/board-papers/"},
  {"names": ["Chelsea and Westminster Hospital NHS Foundation Trust", "Chelsea Westminster Hospital", "ChelWest"], "url": "https://www.chelwest.nhs.uk/about-us/board-papers/"},
  {"names": ["University Hospitals Birmingham NHS Foundation Trust", "UHB", "University Hospitals Birmingham"], "url": "https://www.uhb.nhs.uk/about-us/board-papers/"},
  {"names": ["Manchester University NHS Foundation Trust", "MFT", "Manchester University NHS", "Manchester Foundation Trust"], "url": "https://www.mft.nhs.uk/about-us/board-papers/"},
  {"names": ["Leeds Teaching Hospitals NHS Trust", "Leeds Teaching Hospitals", "LTHT"], "url": "https://www.leedsth.nhs.uk/about-us/board-papers/"},
  {"names": ["Sheffield Teaching Hospitals NHS Foundation Trust", "Sheffield Teaching Hospitals", "STH"], "url": "https://www.sth.nhs.uk/about-us/board-papers/"},
  {"names": ["Newcastle upon Tyne Hospitals NHS Foundation Trust", "Newcastle Hospitals", "NUTH"], "url": "https://www.newcastle-hospitals.nhs.uk/about-us/board-papers/"},
  {"names": ["Oxford University Hospitals NHS Foundation Trust", "Oxford University Hospitals", "OUH"], "url": "https://www.ouh.nhs.uk/about-us/board-papers/"},
  {"names": ["Cambridge University Hospitals NHS Foundation Trust", "Cambridge University Hospitals", "CUH", "Addenbrooke's"], "url": "https://www.cuh.nhs.uk/about-us/board-papers/"},
  {"names": ["Nottingham University Hospitals NHS Trust", "Nottingham University Hospitals", "NUH"], "url": "https://www.nuh.nhs.uk/about-us/board-papers/"},
  {"names": ["University Hospitals Bristol and Weston NHS Foundation Trust", "UHBW", "University Hospitals Bristol Weston"], "url": "https://www.uhbw.nhs.uk/about-us/board-papers/"},
  {"names": ["Liverpool University Hospitals NHS Foundation Trust", "Liverpool University Hospitals", "LUHFT"], "url": "https://www.liverpoolft.nhs.uk/about-us/board-papers/"},
  {"names": ["Northern Care Alliance NHS Foundation Trust", "Northern Care Alliance", "NCA"], "url": "https://www.northerncarealliance.nhs.uk/about-us/board-papers/"},
  {"names": ["Frimley Health NHS Foundation Trust", "Frimley Health", "FHFT"], "url": "https://www.fhft.nhs.uk/about-us/board-papers/"},
  {"names": ["University Hospitals Sussex NHS Foundation Trust", "University Hospitals Sussex", "UH Sussex", "UHSussex"], "url": "https://www.uhsussex.nhs.uk/about-us/board-papers/"},
  {"names": ["Surrey and Sussex Healthcare NHS Trust", "Surrey Sussex Healthcare", "SASH"], "url": "https://www.sash.nhs.uk/about-us/board-papers/"},
  {"names": ["East Suffolk and North Essex NHS Foundation Trust", "ESNEFT", "East Suffolk North Essex"], "url": "https://www.esneft.nhs.uk/about-us/board-papers/"},
  {"names": ["Norfolk and Norwich University Hospitals NHS Foundation Trust", "Norfolk Norwich University Hospitals", "NNUH"], "url": "https://www.nnuh.nhs.uk/about-us/board-papers/"},
  {"names": ["University Hospital Southampton NHS Foundation Trust", "University Hospital Southampton", "UHS", "Southampton University Hospitals"], "url": "https://www.uhs.nhs.uk/about-us/board-papers/"},
  {"names": ["Hampshire Hospitals NHS Foundation Trust", "Hampshire Hospitals", "HHFT"], "url": "https://www.hampshirehospitals.nhs.uk/about-us/board-papers/"},
  {"names": ["Portsmouth Hospitals University NHS Trust", "Portsmouth Hospitals", "PHU"], "url": "https://www.porthosp.nhs.uk/about-us/board-papers/"},
  {"names": ["Great Western Hospitals NHS Foundation Trust", "Great Western Hospitals", "GWH"], "url": "https://www.gwh.nhs.uk/about-us/board-papers/"},
  {"names": ["Royal United Hospitals Bath NHS Foundation Trust", "Royal United Hospitals Bath", "RUH Bath", "RUH"], "url": "https://www.ruh.nhs.uk/about-us/board-papers/"},
  {"names": ["Gloucestershire Hospitals NHS Foundation Trust", "Gloucestershire Hospitals", "Glos Hospitals", "GlossHospitals"], "url": "https://www.gloshospitals.nhs.uk/about-us/board-papers/"},
  {"names": ["University Hospitals Plymouth NHS Trust", "University Hospitals Plymouth", "UHP", "Plymouth Hospitals"], "url": "https://www.plymouthhospitals.nhs.uk/about-us/board-papers/"},
  {"names": ["Royal Devon University Healthcare NHS Foundation Trust", "Royal Devon University Healthcare", "RDUH", "Royal Devon"], "url": "https://www.royaldevon.nhs.uk/about-us/board-papers/"},
  {"names": ["Royal Cornwall Hospitals NHS Trust", "Royal Cornwall Hospitals", "RCHT"], "url": "https://www.rcht.nhs.uk/about-us/board-papers/"},
  {"names": ["Lancashire Teaching Hospitals NHS Foundation Trust", "Lancashire Teaching Hospitals", "LTH"], "url": "https://www.lancsteachinghospitals.nhs.uk/about-us/board-papers/"},
  {"names": ["East Lancashire Hospitals NHS Trust", "East Lancashire Hospitals", "ELHT"], "url": "https://www.elht.nhs.uk/about-us/board-papers/"},
  {"names": ["Blackpool Teaching Hospitals NHS Foundation Trust", "Blackpool Teaching Hospitals", "BTH", "BFWH"], "url": "https://www.bfwh.nhs.uk/about-us/board-papers/"},
  {"names": ["University Hospitals of North Midlands NHS Trust", "UHNM", "University Hospitals North Midlands"], "url": "https://www.uhnm.nhs.uk/about-us/board-papers/"},
  {"names": ["University Hospitals of Derby and Burton NHS Foundation Trust", "UHDB", "University Hospitals Derby Burton"], "url": "https://www.uhdb.nhs.uk/about-us/board-papers/"},
  {"names": ["University Hospitals of Leicester NHS Trust", "University Hospitals Leicester", "UHL"], "url": "https://www.uhl-tr.nhs.uk/about-us/board-papers/"},
  {"names": ["University Hospitals of Northamptonshire Group NHS Foundation Trust", "University Hospitals Northamptonshire", "UHN"], "url": "https://www.uhn.nhs.uk/about-us/board-papers/"},
  {"names": ["United Lincolnshire Hospitals NHS Trust", "United Lincolnshire Hospitals", "ULHT"], "url": "https://www.ulh.nhs.uk/about-us/board-papers/"},
  {"names": ["Hull University Teaching Hospitals NHS Trust", "Hull University Teaching Hospitals", "HUTH", "Hull Hospitals"], "url": "https://www.hey.nhs.uk/about-us/board-papers/"},
  {"names": ["York and Scarborough Teaching Hospitals NHS Foundation Trust", "York Scarborough Teaching Hospitals", "York Hospitals"], "url": "https://www.yorkhospitals.nhs.uk/about-us/board-papers/"},
  {"names": ["Harrogate and District NHS Foundation Trust", "Harrogate District", "HDFT"], "url": "https://www.hdft.nhs.uk/about-us/board-papers/"},
  {"names": ["Airedale NHS Foundation Trust", "Airedale", "Airedale Hospital"], "url": "https://www.airedale-trust.nhs.uk/about-us/board-papers/"},
  {"names": ["Bradford Teaching Hospitals NHS Foundation Trust", "Bradford Teaching Hospitals", "Bradford Hospitals"], "url": "https://www.bradfordhospitals.nhs.uk/about-us/board-papers/"},
  {"names": ["Calderdale and Huddersfield NHS Foundation Trust", "Calderdale Huddersfield", "CHFT"], "url": "https://www.cht.nhs.uk/about-us/board-papers/"},
  {"names": ["Mid Yorkshire Teaching NHS Trust", "Mid Yorkshire Teaching", "MYTT", "Mid Yorkshire Hospitals"], "url": "https://www.midyorks.nhs.uk/about-us/board-papers/"},
  {"names": ["Barnsley Hospital NHS Foundation Trust", "Barnsley Hospital", "BHFT"], "url": "https://www.barnsleyhospital.nhs.uk/about-us/board-papers/"},
  {"names": ["Rotherham NHS Foundation Trust", "Rotherham", "The Rotherham", "TRFT"], "url": "https://www.therotherhamft.nhs.uk/about-us/board-papers/"},
  {"names": ["Doncaster and Bassetlaw Teaching Hospitals NHS Foundation Trust", "Doncaster Bassetlaw Teaching Hospitals", "DBTH"], "url": "https://www.dbth.nhs.uk/about-us/board-papers/"},
  {"names": ["Sheffield Children's NHS Foundation Trust", "Sheffield Children's", "Sheffield Childrens"], "url": "https://www.sheffieldchildrens.nhs.uk/about-us/board-papers/"},
  {"names": ["South Tees Hospitals NHS Foundation Trust", "South Tees Hospitals", "South Tees"], "url": "https://www.southtees.nhs.uk/about-us/board-papers/"},
  {"names": ["North Tees and Hartlepool NHS Foundation Trust", "North Tees Hartlepool", "NTH"], "url": "https://www.nth.nhs.uk/about-us/board-papers/"},
  {"names": ["County Durham and Darlington NHS Foundation Trust", "County Durham Darlington", "CDDFT"], "url": "https://www.cddft.nhs.uk/about-us/board-papers/"},
  {"names": ["Northumbria Healthcare NHS Foundation Trust", "Northumbria Healthcare"], "url": "https://www.northumbria.nhs.uk/about-us/board-papers/"},
  {"names": ["South Tyneside and Sunderland NHS Foundation Trust", "South Tyneside Sunderland", "STSFT"], "url": "https://www.stsft.nhs.uk/about-us/board-papers/"},
  {"names": ["Gateshead Health NHS Foundation Trust", "Gateshead Health", "QE Gateshead"], "url": "https://www.ghnt.nhs.uk/about-us/board-papers/"},
  {"names": ["Wrightington, Wigan and Leigh Teaching Hospitals NHS Foundation Trust", "Wrightington Wigan Leigh", "WWL"], "url": "https://www.wwl.nhs.uk/about-us/board-papers/"},
  {"names": ["Bolton NHS Foundation Trust", "Bolton Hospital", "BTHFT", "Bolton Foundation Trust"], "url": "https://www.boltonft.nhs.uk/about-us/board-papers/"},
  {"names": ["Stockport NHS Foundation Trust", "Stockport Hospital", "Stepping Hill"], "url": "https://www.stockport.nhs.uk/about-us/board-papers/"},
  {"names": ["Tameside and Glossop Integrated Care NHS Foundation Trust", "Tameside Glossop", "Tameside Hospital"], "url": "https://www.tamesidehospital.nhs.uk/about-us/board-papers/"},
  {"names": ["Warrington and Halton Teaching Hospitals NHS Foundation Trust", "Warrington Halton Teaching Hospitals", "WHH"], "url": "https://www.whh.nhs.uk/about-us/board-papers/"},
  {"names": ["Mid Cheshire Hospitals NHS Foundation Trust", "Mid Cheshire Hospitals", "MCHFT"], "url": "https://www.mcht.nhs.uk/about-us/board-papers/"},
  {"names": ["East Cheshire NHS Trust", "East Cheshire", "Macclesfield Hospital"], "url": "https://www.eastcheshire.nhs.uk/about-us/board-papers/"},
  {"names": ["Countess of Chester Hospital NHS Foundation Trust", "Countess of Chester", "COCH"], "url": "https://www.coch.nhs.uk/about-us/board-papers/"},
  {"names": ["Wirral University Teaching Hospital NHS Foundation Trust", "Wirral University Teaching Hospital", "WUTH", "Arrowe Park"], "url": "https://www.wuth.nhs.uk/about-us/board-papers/"},
  {"names": ["East and North Hertfordshire NHS Trust", "East North Hertfordshire", "ENHT"], "url": "https://www.enherts-tr.nhs.uk/about-us/board-papers/"},
  {"names": ["West Hertfordshire Teaching Hospitals NHS Trust", "West Hertfordshire Teaching Hospitals", "WHTH"], "url": "https://www.westhertshospitals.nhs.uk/about-us/board-papers/"},
  {"names": ["Bedfordshire Hospitals NHS Foundation Trust", "Bedfordshire Hospitals", "BHFT Bedford"], "url": "https://www.bedfordshirehospitals.nhs.uk/about-us/board-papers/"},
  {"names": ["Milton Keynes University Hospital NHS Foundation Trust", "Milton Keynes University Hospital", "MKUH"], "url": "https://www.mkuh.nhs.uk/about-us/board-papers/"},
  {"names": ["Buckinghamshire Healthcare NHS Trust", "Buckinghamshire Healthcare", "BHT"], "url": "https://www.buckshealthcare.nhs.uk/about-us/board-papers/"},
  {"names": ["Royal Berkshire NHS Foundation Trust", "Royal Berkshire", "RBFT"], "url": "https://www.royalberkshire.nhs.uk/about-us/board-papers/"},
  {"names": ["Ashford and St Peter's Hospitals NHS Foundation Trust", "Ashford St Peters", "ASPH"], "url": "https://www.ashfordstpeters.nhs.uk/about-us/board-papers/"},
  {"names": ["East Kent Hospitals University NHS Foundation Trust", "East Kent Hospitals", "EKHUFT"], "url": "https://www.ekhuft.nhs.uk/about-us/board-papers/"},
  {"names": ["Maidstone and Tunbridge Wells NHS Trust", "Maidstone Tunbridge Wells", "MTW"], "url": "https://www.mtw.nhs.uk/about-us/board-papers/"},
  {"names": ["Dartford and Gravesham NHS Trust", "Dartford Gravesham", "DARENT"], "url": "https://www.dartford-gravesham.nhs.uk/about-us/board-papers/"},
  {"names": ["Medway NHS Foundation Trust", "Medway Foundation Trust", "MFT Medway"], "url": "https://www.medway.nhs.uk/about-us/board-papers/"},
  {"names": ["James Paget University Hospitals NHS Foundation Trust", "James Paget University Hospitals", "JPUH"], "url": "https://www.jpaget.nhs.uk/about-us/board-papers/"},
  {"names": ["Queen Elizabeth Hospital King's Lynn NHS Foundation Trust", "Queen Elizabeth Hospital Kings Lynn", "QEH Kings Lynn", "QEHKL"], "url": "https://www.qehkl.nhs.uk/about-us/board-papers/"},
  {"names": ["North West Anglia NHS Foundation Trust", "North West Anglia", "NWAFT", "Peterborough City Hospital"], "url": "https://www.nwangliaft.nhs.uk/about-us/board-papers/"},
  {"names": ["East Sussex Healthcare NHS Trust", "East Sussex Healthcare", "ESHT"], "url": "https://www.esht.nhs.uk/about-us/board-papers/"},
  {"names": ["University Hospitals Coventry and Warwickshire NHS Trust", "UHCW", "University Hospitals Coventry Warwickshire"], "url": "https://www.uhcw.nhs.uk/about-us/board-papers/"},
  {"names": ["South Warwickshire University NHS Foundation Trust", "South Warwickshire", "SWFT"], "url": "https://www.swft.nhs.uk/about-us/board-papers/"},
  {"names": ["George Eliot Hospital NHS Trust", "George Eliot Hospital", "GEH"], "url": "https://www.geh.nhs.uk/about-us/board-papers/"},
  {"names": ["Wye Valley NHS Trust", "Wye Valley", "Hereford Hospital"], "url": "https://www.wyevalley.nhs.uk/about-us/board-papers/"},
  {"names": ["Worcestershire Acute Hospitals NHS Trust", "Worcestershire Acute Hospitals", "WAHT"], "url": "https://www.worcsacute.nhs.uk/about-us/board-papers/"},
  {"names": ["The Dudley Group NHS Foundation Trust", "Dudley Group", "Russells Hall Hospital"], "url": "https://www.dgft.nhs.uk/about-us/board-papers/"},
  {"names": ["Royal Wolverhampton NHS Trust", "Royal Wolverhampton", "RWT", "New Cross Hospital"], "url": "https://www.royalwolverhampton.nhs.uk/about-us/board-papers/"},
  {"names": ["Walsall Healthcare NHS Trust", "Walsall Healthcare", "Manor Hospital Walsall"], "url": "https://www.walsallhealthcare.nhs.uk/about-us/board-papers/"},
  {"names": ["Shrewsbury and Telford Hospital NHS Trust", "Shrewsbury Telford Hospital", "SaTH"], "url": "https://www.sath.nhs.uk/about-us/board-papers/"},
  {"names": ["Robert Jones and Agnes Hunt Orthopaedic Hospital NHS Foundation Trust", "Robert Jones Agnes Hunt", "RJAH", "Oswestry"], "url": "https://www.rjah.nhs.uk/about-us/board-papers/"},
  {"names": ["Sherwood Forest Hospitals NHS Foundation Trust", "Sherwood Forest Hospitals", "SFH", "King's Mill Hospital"], "url": "https://www.sfh-tr.nhs.uk/about-us/board-papers/"},
  {"names": ["Chesterfield Royal Hospital NHS Foundation Trust", "Chesterfield Royal Hospital", "Chesterfield Royal"], "url": "https://www.chesterfieldroyal.nhs.uk/about-us/board-papers/"},
  {"names": ["Kettering General Hospital NHS Foundation Trust", "Kettering General Hospital", "KGH"], "url": "https://www.kgh.nhs.uk/about-us/board-papers/"},

  {"names": ["South London and Maudsley NHS Foundation Trust", "SLaM", "South London Maudsley"], "url": "https://www.slam.nhs.uk/about-us/board-papers/"},
  {"names": ["North East London NHS Foundation Trust", "NELFT", "North East London Foundation Trust"], "url": "https://www.nelft.nhs.uk/about-us/board-papers/"},
  {"names": ["Mersey Care NHS Foundation Trust", "Mersey Care"], "url": "https://www.merseycare.nhs.uk/about-us/board-papers/"},
  {"names": ["Berkshire Healthcare NHS Foundation Trust", "Berkshire Healthcare"], "url": "https://www.berkshirehealthcare.nhs.uk/about-us/board-papers/"},
  {"names": ["Oxford Health NHS Foundation Trust", "Oxford Health"], "url": "https://www.oxfordhealth.nhs.uk/about-us/board-papers/"},
  {"names": ["Nottinghamshire Healthcare NHS Foundation Trust", "Nottinghamshire Healthcare"], "url": "https://www.nottinghamshirehealthcare.nhs.uk/about-us/board-papers/"},
  {"names": ["Lincolnshire Partnership NHS Foundation Trust", "Lincolnshire Partnership", "LPFT"], "url": "https://www.lpft.nhs.uk/about-us/board-papers/"},
  {"names": ["Essex Partnership University NHS Foundation Trust", "Essex Partnership", "EPUT"], "url": "https://eput.nhs.uk/about-us/board-papers/"},
  {"names": ["Cumbria, Northumberland, Tyne and Wear NHS Foundation Trust", "CNTW", "Cumbria Northumberland Tyne Wear"], "url": "https://www.cntw.nhs.uk/about-us/board-papers/"},
  {"names": ["Greater Manchester Mental Health NHS Foundation Trust", "GMMH", "Greater Manchester Mental Health"], "url": "https://www.gmmh.nhs.uk/about-us/board-papers/"},
  {"names": ["Lancashire and South Cumbria NHS Foundation Trust", "Lancashire South Cumbria Foundation Trust", "LSCFT"], "url": "https://www.lscft.nhs.uk/about-us/board-papers/"},
  {"names": ["Leicestershire Partnership NHS Trust", "Leicestershire Partnership", "LPT"], "url": "https://www.leicspart.nhs.uk/about-us/board-papers/"},
  {"names": ["Camden and Islington NHS Foundation Trust", "Camden Islington", "C&I"], "url": "https://www.candi.nhs.uk/about-us/board-papers/"},
  {"names": ["Leeds and York Partnership NHS Foundation Trust", "Leeds York Partnership", "LYPFT"], "url": "https://www.leedspft.nhs.uk/about-us/board-papers/"},
  {"names": ["South West Yorkshire Partnership NHS Foundation Trust", "South West Yorkshire Partnership", "SWYPFT"], "url": "https://www.swyt.nhs.uk/about-us/board-papers/"},
  {"names": ["Midlands Partnership University NHS Foundation Trust", "Midlands Partnership", "MPFT"], "url": "https://www.mpft.nhs.uk/about-us/board-papers/"},
  {"names": ["Cheshire and Wirral Partnership NHS Foundation Trust", "Cheshire Wirral Partnership", "CWP"], "url": "https://www.cwp.nhs.uk/about-us/board-papers/"},
  {"names": ["Derbyshire Healthcare NHS Foundation Trust", "Derbyshire Healthcare"], "url": "https://www.derbyshirehealthcareft.nhs.uk/about-us/board-papers/"},

  {"names": ["Sussex Community NHS Foundation Trust", "Sussex Community", "SCFT"], "url": "https://www.sussexcommunity.nhs.uk/about-us/board-papers/"},
  {"names": ["Hertfordshire Community NHS Trust", "Hertfordshire Community", "HCT"], "url": "https://www.hct.nhs.uk/about-us/board-papers/"},
  {"names": ["Central London Community Healthcare NHS Trust", "Central London Community Healthcare", "CLCH"], "url": "https://www.clch.nhs.uk/about-us/board-papers/"},
  {"names": ["Bridgewater Community Healthcare NHS Foundation Trust", "Bridgewater Community Healthcare", "Bridgewater"], "url": "https://www.bridgewater.nhs.uk/about-us/board-papers/"},
  {"names": ["Solent NHS Trust", "Solent", "Solent Trust"], "url": "https://www.solent.nhs.uk/about-us/board-papers/"},

  {"names": ["Great Ormond Street Hospital for Children NHS Foundation Trust", "Great Ormond Street", "GOSH"], "url": "https://www.gosh.nhs.uk/about-us/board-papers/"},
  {"names": ["Royal Marsden NHS Foundation Trust", "Royal Marsden", "RMH"], "url": "https://www.royalmarsden.nhs.uk/about-us/board-papers/"},
  {"names": ["The Christie NHS Foundation Trust", "Christie Hospital", "The Christie"], "url": "https://www.christie.nhs.uk/about-us/board-papers/"},
  {"names": ["The Clatterbridge Cancer Centre NHS Foundation Trust", "Clatterbridge Cancer Centre", "CCC"], "url": "https://www.clatterbridgecc.nhs.uk/about-us/board-papers/"},
  {"names": ["Moorfields Eye Hospital NHS Foundation Trust", "Moorfields Eye Hospital", "Moorfields"], "url": "https://www.moorfields.nhs.uk/about-us/board-papers/"},
  {"names": ["Royal National Orthopaedic Hospital NHS Trust", "Royal National Orthopaedic Hospital", "RNOH"], "url": "https://www.rnoh.nhs.uk/about-us/board-papers/"},
  {"names": ["Liverpool Heart and Chest Hospital NHS Foundation Trust", "Liverpool Heart Chest Hospital", "LHCH"], "url": "https://www.lhch.nhs.uk/about-us/board-papers/"},
  {"names": ["Alder Hey Children's NHS Foundation Trust", "Alder Hey Children's", "Alder Hey"], "url": "https://www.alderhey.nhs.uk/about-us/board-papers/"},
  {"names": ["Birmingham Children's Hospital NHS Foundation Trust", "Birmingham Children's Hospital", "BCH", "Birmingham Women's and Children's"], "url": "https://www.bwc.nhs.uk/about-us/board-papers/"}
]
